{"cameraMode":{"drawMode":0,"name":"Shaded","section":"Shading Mode"},"sceneLighting":true,"audioPlay":false,"sceneViewState":{"m_AlwaysRefresh":false,"showFog":true,"showSkybox":true,"showFlares":true,"showImageEffects":true,"showParticleSystems":true,"showVisualEffectGraphs":true,"m_FxEnabled":true},"in2DMode":false,"pivot":{"x":5.9657087326049809,"y":1.6530811786651612,"z":6.884166717529297},"rotation":{"x":-0.003720805747434497,"y":0.9750573039054871,"z":-0.016392013058066369,"w":-0.22131945192813874},"size":1.2247449159622193,"orthographic":false}